{"cameraMode":{"drawMode":0,"name":"Shaded","section":"Shading Mode"},"sceneLighting":true,"audioPlay":false,"sceneViewState":{"m_AlwaysRefresh":false,"showFog":true,"showSkybox":true,"showFlares":true,"showImageEffects":true,"showParticleSystems":true,"showVisualEffectGraphs":true,"m_FxEnabled":true},"in2DMode":false,"pivot":{"x":1.9142699241638184,"y":2.2777557373046877,"z":-1.254747986793518},"rotation":{"x":-0.7066879868507385,"y":0.0014841061783954502,"z":-0.001481922110542655,"w":-0.7075204253196716},"size":7.368786811828613,"orthographic":false}